{
  "_id": "65374034bfc8cd0d516fe7d3",
  "name": "Get errors in all flow steps",
  "_connectionId": "62ef9f8a8f64b53f98d3dc6c",
  "apiIdentifier": "e74ed8b414",
  "asynchronous": true,
  "isLookup": true,
  "oneToMany": true,
  "pathToMany": "flowImportExportIds",
  "mockOutput": {
    "page_of_records": [
      {
        "record": {
          "errors": [
            {
              "occurredAt": "2023-10-05T05:45:42.902Z",
              "source": "application",
              "code": "400",
              "message": "{\"title\":\"Invalid data\",\"details\":\"- These rules must pass for `{ \\\"firstName\\\": \\\"GUADALUPE\\\", \\\"middleName\\\": \\\"FERNANDEZ\\\", \\\"lastName\\\": \\\"GUTIERREZ\\\", \\\"employeeId\\\": \\\"3188\\\", \\\"locationId\\\": \\\"41\\\", ... }`\\n  - At least one of these rules must pass for employeeId\\n    - employeeId must be null\\n    - employeeId must be valid\"}",
              "traceKey": "3188",
              "oIndex": "7",
              "retryDataKey": "2e921493db2e4c44997b5854ff147d18",
              "errorId": "1161482265",
              "_flowJobId": "651e4d2fcb1a9343b47de684",
              "classification": "value",
              "classifiedBy": "auto",
              "reqAndResKey": "5561633657067-69ada19ce1544b1285a5dfaaf0dfd5d4-400-POST-import",
              "purgeAt": "1699076742902"
            },
            {
              "occurredAt": "2023-10-05T05:45:41.753Z",
              "source": "application",
              "code": "400",
              "message": "{\"title\":\"Invalid data\",\"details\":\"- These rules must pass for `{ \\\"firstName\\\": \\\"BELEN\\\", \\\"middleName\\\": \\\"TOLEDO\\\", \\\"lastName\\\": \\\"MESA\\\", \\\"employeeId\\\": \\\"3187\\\", \\\"locationId\\\": \\\"40\\\", ... }`\\n  - At least one of these rules must pass for employeeId\\n    - employeeId must be null\\n    - employeeId must be valid\"}",
              "traceKey": "3187",
              "oIndex": "7",
              "retryDataKey": "60874625ed684ceb92d6707deee05ffd",
              "errorId": "1161482261",
              "_flowJobId": "651e4d2fcb1a9343b47de684",
              "classification": "value",
              "classifiedBy": "auto",
              "reqAndResKey": "5561633658194-52e0440ad960455fa85ca45cea645994-400-POST-import",
              "purgeAt": "1699076741753"
            },
            {
              "occurredAt": "2023-10-05T05:45:40.495Z",
              "source": "application",
              "code": "400",
              "message": "{\"title\":\"Invalid data\",\"details\":\"- These rules must pass for `{ \\\"firstName\\\": \\\"DANI\\\", \\\"middleName\\\": \\\"CAMARENA\\\", \\\"lastName\\\": \\\"MU\\u00d1OZ\\\", \\\"employeeId\\\": \\\"3186\\\", \\\"locationId\\\": \\\"39\\\", ... }`\\n  - At least one of these rules must pass for employeeId\\n    - employeeId must be null\\n    - employeeId must be valid\"}",
              "traceKey": "3186",
              "oIndex": "7",
              "retryDataKey": "6e36188d7c014754b4b1ffed2092fc8b",
              "errorId": "1161482259",
              "_flowJobId": "651e4d2fcb1a9343b47de684",
              "classification": "value",
              "classifiedBy": "auto",
              "reqAndResKey": "5561633659435-f0dd26827ee34fc5a8f8301b2bd0408a-400-POST-import",
              "purgeAt": "1699076740495"
            }
          ]
        }
      }
    ]
  },
  "aiDescription": {
    "summary": "The HTTPExport named 'Get errors in all flow steps' retrieves data from an API endpoint using the 'GET' method. It operates in a sandbox environment, treats child records as main records, and is marked as a lookup.",
    "detailed": "The provided export configuration is named 'Get errors in all flow steps' and is of type 'HTTPExport'. It is set to retrieve data from the specified API endpoint using the 'GET' method. The export is configured to treat child records as main records for this step in the flow, indicating a one-to-many relationship. The export is marked as a lookup, suggesting that it may be used to retrieve related data in subsequent flow steps. The connection used for this export is an HTTP connection with a base URI of 'https://api.integrator.io/v1'. The export is set to operate in a sandbox environment. The 'twoDArray' response format is specified with the 'doNotNormalize' option enabled. The export is associated with a specific user and has no encrypted fields. Additionally, the export is not associated with any specific database or application, as indicated by the 'microServices' section.",
    "generatedOn": "2024-04-18T14:11:38.028Z"
  },
  "http": {
    "relativeURI": "/flows/{{record.flowId}}/{{record.importExportId}}/errors",
    "method": "GET",
    "isRest": false,
    "formType": "http",
    "response": {
      "twoDArray": {
        "doNotNormalize": true
      }
    }
  },
  "adaptorType": "HTTPExport"
}