{
  "_id": "65374034bfc8cd0d516fe7d7",
  "name": "Get integration details",
  "_connectionId": "62ef9f8a8f64b53f98d3dc6c",
  "apiIdentifier": "e01e648f75",
  "asynchronous": true,
  "oneToMany": false,
  "aiDescription": {
    "summary": "The export 'Get integration details' retrieves data from an HTTP connection by making a GET request to a specific relative URI. The retrieved data is then transformed using an expression and is associated with a user in sandbox mode.",
    "detailed": "The provided export is named 'Get integration details' and it is an HTTP export type. It is configured to make a GET request to the relative URI '/integrations/{{settings.integration.integration_id}}' using the HTTP connection named '[SANDBOX] - Integrator HTTP Connection'. The response from this export is not normalized into a two-dimensional array. The retrieved data is then transformed using an expression which extracts the '_id', 'name', and 'sandbox' fields and generates 'id', 'name', and 'sandbox' respectively. The export does not utilize any microservices such as Rdbms, Nosql, NetSuiteDistributed, or Http, and it also does not enable the webhook service. The connection type is HTTP and the media type is JSON. The export is associated with the user with ID '6066f4d156081d1f42783dc8' and is configured for sandbox mode.",
    "generatedOn": "2024-04-18T14:11:55.821Z"
  },
  "http": {
    "relativeURI": "/integrations/{{settings.integration.integration_id}}",
    "method": "GET",
    "isRest": false,
    "formType": "http",
    "response": {
      "twoDArray": {
        "doNotNormalize": true
      }
    }
  },
  "transform": {
    "type": "expression",
    "expression": {
      "rules": [
        [
          {
            "extract": "_id",
            "generate": "id"
          },
          {
            "extract": "name",
            "generate": "name"
          },
          {
            "extract": "sandbox",
            "generate": "sandbox"
          }
        ]
      ],
      "version": "1"
    },
    "rules": [
      [
        {
          "extract": "_id",
          "generate": "id"
        },
        {
          "extract": "name",
          "generate": "name"
        },
        {
          "extract": "sandbox",
          "generate": "sandbox"
        }
      ]
    ],
    "version": "1"
  },
  "adaptorType": "HTTPExport"
}