{
  "_id": "65374034bfc8cd0d516fe7d5",
  "name": "Get flows",
  "_connectionId": "62ef9f8a8f64b53f98d3dc6c",
  "apiIdentifier": "e433a09fae",
  "asynchronous": true,
  "isLookup": true,
  "oneToMany": false,
  "aiDescription": {
    "summary": "The export configuration is an HTTP export named 'Get flows' that retrieves data from the '/integrations/{{settings.integration.integration_id}}/flows' endpoint using a pre-established HTTP connection. It includes a transformation step for extracting specific fields from the response data, a filter expression for checking the value of the 'disabled' field, and is marked as a lookup. The export is associated with a specific user and runs in a sandbox environment. No microservices are enabled for this export.",
    "detailed": "The provided JSON represents an export configuration for retrieving data from an application. The export is an HTTP export type, and it is named 'Get flows'. It is designed to make a GET request to the '/integrations/{{settings.integration.integration_id}}/flows' endpoint using a pre-established HTTP connection named '[SANDBOX] - Integrator HTTP Connection'. The export includes a transformation step that extracts specific fields from the response data, such as '_id', '_integrationId', 'name', 'pageGenerators[*]._exportId', 'pageGenerators[*]._importId', 'pageProcessors[*]._exportId', 'pageProcessors[*]._importId', and 'disabled'. The transformation step generates new field names for these extracted values. Additionally, there is a filter expression that checks for the value of the 'disabled' field to be 'false'. The export is marked as a lookup, indicating that it can be used to retrieve data for lookup purposes in subsequent flow steps. The export is associated with a specific user and is set to run in a sandbox environment. The 'microServices' section specifies the types of microservices that are enabled or disabled for this export, with all types being set to false. The export does not involve any Rdbms, Nosql, NetSuiteDistributed, or Http microservices, and the webhook service is also disabled.",
    "generatedOn": "2024-04-18T14:11:49.573Z"
  },
  "http": {
    "relativeURI": "/integrations/{{settings.integration.integration_id}}/flows",
    "method": "GET",
    "isRest": false,
    "formType": "http",
    "response": {
      "twoDArray": {
        "doNotNormalize": true
      }
    }
  },
  "transform": {
    "type": "expression",
    "expression": {
      "rules": [
        [
          {
            "extract": "_id",
            "generate": "id"
          },
          {
            "extract": "_integrationId",
            "generate": "integrationId"
          },
          {
            "extract": "name",
            "generate": "name"
          },
          {
            "extract": "pageGenerators[*]._exportId",
            "generate": "pg_exportIds[*]"
          },
          {
            "extract": "pageGenerators[*]._importId",
            "generate": "pg_importIds[*]"
          },
          {
            "extract": "pageProcessors[*]._exportId",
            "generate": "pp_exportIds[*]"
          },
          {
            "extract": "pageProcessors[*]._importId",
            "generate": "pp_importIds[*]"
          },
          {
            "extract": "disabled",
            "generate": "disabled"
          }
        ]
      ],
      "version": "1"
    },
    "rules": [
      [
        {
          "extract": "_id",
          "generate": "id"
        },
        {
          "extract": "_integrationId",
          "generate": "integrationId"
        },
        {
          "extract": "name",
          "generate": "name"
        },
        {
          "extract": "pageGenerators[*]._exportId",
          "generate": "pg_exportIds[*]"
        },
        {
          "extract": "pageGenerators[*]._importId",
          "generate": "pg_importIds[*]"
        },
        {
          "extract": "pageProcessors[*]._exportId",
          "generate": "pp_exportIds[*]"
        },
        {
          "extract": "pageProcessors[*]._importId",
          "generate": "pp_importIds[*]"
        },
        {
          "extract": "disabled",
          "generate": "disabled"
        }
      ]
    ],
    "version": "1"
  },
  "filter": {
    "type": "expression",
    "expression": {
      "rules": [
        "equals",
        [
          "string",
          [
            "extract",
            "disabled"
          ]
        ],
        "false"
      ],
      "version": "1"
    },
    "rules": [
      "equals",
      [
        "string",
        [
          "extract",
          "disabled"
        ]
      ],
      "false"
    ],
    "version": "1"
  },
  "adaptorType": "HTTPExport"
}