{
  "_id": "65374034bfc8cd0d516fe7d1",
  "name": "Get all flow steps",
  "_connectionId": "62ef9f8a8f64b53f98d3dc6c",
  "apiIdentifier": "e709db0557",
  "asynchronous": true,
  "isLookup": true,
  "oneToMany": true,
  "pathToMany": "flowImportExportIds",
  "aiDescription": {
    "summary": "The export named 'Get all flow steps' retrieves data from an application using an HTTP connection. It is configured to treat child records as main records, marked as a lookup, and uses a relative URI with the GET method for the HTTP request. The export works in a sandbox environment and is associated with the user ID '6066f4d156081d1f42783dc8'.",
    "detailed": "The provided JSON represents an export configuration named 'Get all flow steps' that retrieves data from an application using an HTTP connection. The export is set to treat child records as main records in the flow, and it is marked as a lookup. The export uses a relative URI to define the API endpoint for the resource, and it specifies the GET method for the HTTP request. The connection used for this export is an HTTP connection with a base URI of 'https://api.integrator.io/v1'. The export is configured to work in a sandbox environment. Additionally, the export configuration does not involve any database or NetSuite distributed microservices, and it does not enable the webhook service. The user ID associated with this export is '6066f4d156081d1f42783dc8'.",
    "generatedOn": "2024-04-18T14:11:34.159Z"
  },
  "http": {
    "relativeURI": "/{{#compare record.stepType '===' 'import'}}imports{{else}}exports{{/compare}}/{{record.importExportId}}",
    "method": "GET",
    "isRest": false,
    "formType": "http",
    "response": {
      "twoDArray": {
        "doNotNormalize": true
      }
    }
  },
  "adaptorType": "HTTPExport"
}