{
  "_id": "65374035bfc8cd0d516fe7fa",
  "name": "Send errors",
  "_connectionId": "65b0b4357372b027c421648a",
  "apiIdentifier": "i6becc7166",
  "hooks": {
    "preMap": {
      "function": "ErrorSummaryEmail.processFlowErrors",
      "_scriptId": "65374032bfc8cd0d516fe7bf"
    }
  },
  "ignoreExisting": false,
  "ignoreMissing": false,
  "oneToMany": false,
  "assistant": "googlemail",
  "aiDescription": {
    "summary": "The import configuration sends errors to a destination application using an HTTP connection with POST method and JSON media types for handling successful and unsuccessful responses. It uses a preMap hook to apply logic to the data and is associated with a sandbox environment and the 'googlemail' assistant.",
    "detailed": "The provided JSON represents an import configuration for sending errors to a destination application using an HTTP connection. The import is set to use the POST method to send data to the relative URI '/v1/users/me/messages/send' with a batch size of 1. The import is configured to handle successful and unsuccessful HTTP responses with JSON media types. It is associated with a connection named '[SANDBOX] Gmail Connection' and uses the base URI 'https://www.googleapis.com/gmail/'. The import is set to ignore existing data and missing data when updating existing records. Additionally, it is configured to use a preMap hook to apply logic to the data prior to the mapping process. The import has a mapping that takes the 'emailBody' field, base64 encodes it, and sends it to the 'raw' destination field. The import is set to run in a sandbox environment and has a debug until date specified. The import is associated with the 'googlemail' assistant and has an HTTP connector ID and version ID specified in the connection configuration.",
    "generatedOn": "2024-04-18T14:06:40.491Z"
  },
  "mappings": [
    {
      "extract": "{{{base64Encode emailBody}}}",
      "generate": "raw",
      "dataType": "string",
      "status": "Active",
      "sourceDataType": "string"
    }
  ],
  "http": {
    "relativeURI": [
      "/v1/users/me/messages/send"
    ],
    "method": [
      "POST"
    ],
    "body": [
      null
    ],
    "batchSize": 1,
    "requestMediaType": "json",
    "successMediaType": "json",
    "errorMediaType": "json",
    "strictHandlebarEvaluation": true,
    "sendPostMappedData": true,
    "_httpConnectorVersionId": "654f2973bb1d52521427fa99",
    "_httpConnectorResourceId": "654f2973bb1d52521427fa9a",
    "_httpConnectorEndpointIds": [
      "654f2973bb1d52521427fabc"
    ],
    "isRest": false,
    "formType": "assistant",
    "response": {
      "resourceIdPath": [
        null
      ]
    }
  },
  "adaptorType": "HTTPImport"
}