{
  "_id": "65374038bfc8cd0d516fe819",
  "name": "Send Error Summary Email",
  "description": "This flow will run every day and collect all the errors that have occurred in the Employee Sync Flow during the past day",
  "timezone": "Europe/London",
  "pageGenerators": [
    {
      "_exportId": "65374034bfc8cd0d516fe7d7",
      "skipRetries": false
    }
  ],
  "pageProcessors": [
    {
      "type": "export",
      "_exportId": "65374034bfc8cd0d516fe7d5",
      "responseMapping": {
        "fields": [
          {
            "extract": "data",
            "generate": "allFlows"
          }
        ],
        "lists": []
      },
      "hooks": {
        "postResponseMap": {
          "function": "ErrorSummaryEmail.mergeFlowImportExportsByIntegration",
          "_scriptId": "65374032bfc8cd0d516fe7bf"
        }
      }
    },
    {
      "type": "export",
      "_exportId": "65374034bfc8cd0d516fe7d1",
      "responseMapping": {
        "fields": [
          {
            "extract": "data[0].name",
            "generate": "stepName"
          }
        ],
        "lists": []
      }
    },
    {
      "type": "export",
      "_exportId": "65374034bfc8cd0d516fe7d3",
      "responseMapping": {
        "fields": [],
        "lists": [
          {
            "generate": "flowErrors",
            "fields": [
              {
                "extract": "data[0].errors[*].occurredAt",
                "generate": "occurredAt"
              },
              {
                "extract": "data[0].errors[*].source",
                "generate": "source"
              },
              {
                "extract": "data[0].errors[*].code",
                "generate": "code"
              },
              {
                "extract": "data[0].errors[*].message",
                "generate": "message"
              },
              {
                "extract": "data[0].errors[*].traceKey",
                "generate": "traceKey"
              },
              {
                "extract": "data[0].errors[*].classification",
                "generate": "classification"
              }
            ]
          }
        ]
      },
      "hooks": {
        "postResponseMap": {
          "function": "ErrorSummaryEmail.mergeErrors",
          "_scriptId": "65374032bfc8cd0d516fe7bf"
        }
      }
    },
    {
      "type": "import",
      "_importId": "65374035bfc8cd0d516fe7fa",
      "responseMapping": {
        "fields": [],
        "lists": []
      }
    }
  ],
  "free": false,
  "_flowGroupingId": "651e431a75c5662e0555472f"
}