{
  "_id": "65373eb99c4de9261d131b1e",
  "name": "[ABRHILSOFT] [KARISMA-Mexico] [1.3] [Accepted] - Integration",
  "description": "Integration between OrangeHRM and Abrhilsoft for Karisma",
  "install": [],
  "settings": {
    "ftpLocation": "/internalftp/Integration/integrations/QA/Karisma/",
    "integration_id": "65373eb99c4de9261d131b1e",
    "timezone": {
      "main": "Asia/Colombo",
      "instance": "Asia/Colombo"
    },
    "acceptedLeaveTypeIds": [
      "6"
    ],
    "error_email_to": "tyni@orangehrm.us.com"
  },
  "installSteps": [
    {
      "name": "[SANDBOX] - Integrator HTTP Connection",
      "completed": true,
      "type": "connection",
      "sourceConnection": {
        "type": "http",
        "name": "[SANDBOX] - Integrator HTTP Connection",
        "http": {
          "formType": "http"
        }
      }
    },
    {
      "name": "[SANDBOX]  - Gmail Connection",
      "completed": true,
      "type": "connection",
      "sourceConnection": {
        "type": "rest",
        "name": "[SANDBOX]  - Gmail Connection",
        "assistant": "googlemail"
      }
    },
    {
      "name": "[SANDBOX] - SFTP Connection",
      "completed": true,
      "type": "connection",
      "sourceConnection": {
        "type": "ftp",
        "name": "[SANDBOX] - SFTP Connection"
      }
    },
    {
      "name": "[ABRHILSOFT] [KARISMA] [1.0] [QA] - OrangeHRM Connection",
      "completed": true,
      "type": "connection",
      "sourceConnection": {
        "type": "http",
        "name": "[ABRHILSOFT] [KARISMA] [1.0] [QA] - OrangeHRM Connection",
        "http": {
          "formType": "http"
        }
      }
    },
    {
      "name": "[ABRHILSOFT] [KARISMA] [1.0] [QA] - OrangeHRM Connection - 2",
      "completed": true,
      "type": "connection",
      "sourceConnection": {
        "type": "http",
        "name": "[ABRHILSOFT] [KARISMA] [1.0] [QA] - OrangeHRM Connection",
        "assistant": "orangehrm",
        "http": {
          "formType": "http",
          "_httpConnectorId": "64a4192ddf92674e2c52270d",
          "_httpConnectorVersionId": "64a4192ddf92674e2c52270e"
        }
      }
    },
    {
      "name": "[Template] [OrangeHRM] [DEV] [SANDBOX] - OrangeHRM Connection | Do not edit",
      "completed": true,
      "type": "connection",
      "sourceConnection": {
        "type": "http",
        "name": "[Template] [OrangeHRM] [DEV] [SANDBOX] - OrangeHRM Connection | Do not edit",
        "assistant": "orangehrm",
        "http": {
          "formType": "assistant",
          "_httpConnectorId": "64a4192ddf92674e2c52270d",
          "_httpConnectorVersionId": "64a4192ddf92674e2c52270e"
        }
      }
    },
    {
      "name": "Copy resources now from template zip",
      "completed": true,
      "type": "template_zip"
    }
  ],
  "uninstallSteps": [],
  "changeEditionSteps": [],
  "flowGroupings": [
    {
      "name": "Utility",
      "_id": "651e431a75c5662e0555472f"
    }
  ]
}