{
  "_id": "65b0b4357372b027c421648a",
  "type": "http",
  "name": "[SANDBOX] Gmail Connection",
  "assistant": "googlemail",
  "http": {
    "formType": "assistant",
    "mediaType": "json",
    "baseURI": "https://www.googleapis.com/gmail/",
    "concurrencyLevel": 25,
    "targetConcurrencyLevel": 25,
    "ping": {
      "relativeURI": "v1/users/me/profile",
      "method": "GET"
    },
    "headers": [
      {
        "name": "content-type",
        "value": "application/json"
      }
    ],
    "_httpConnectorId": "654f2973bb1d52521427fa98",
    "_httpConnectorVersionId": "654f2973bb1d52521427fa99",
    "auth": {
      "type": "oauth",
      "oauth": {
        "scope": [
          "https://www.googleapis.com/auth/gmail.send",
          "https://mail.google.com/"
        ]
      },
      "token": {
        "headerName": "Authorization",
        "scheme": " ",
        "paramName": "access_token"
      }
    }
  }
}